BookingID,CustomerName,RoomID,Date,PaymentStatus
101,Aarav Sharma,201,2025-12-20,Paid
102,Saanvi Patel,202,2025-12-21,Unpaid
103,Vihaan Gupta,203,2025-12-22,Paid
104,Ananya Reddy,204,2025-12-23,Paid
105,Aditya Kumar,205,2025-12-24,Unpaid
106,Diya Singh,206,2025-12-25,Paid
107,Arjun Mehta,207,2025-12-26,Paid
108,Myra Choudhary,208,2025-12-27,Paid
109,Rohan Deshmukh,209,2025-12-28,Unpaid
110,Aanya Iyer,210,2025-12-29,Paid
111,Kartik Joshi,211,2025-12-30,Unpaid
112,Anika Malhotra,212,2025-12-31,Paid
113,Siddharth Nair,213,2026-01-01,Paid
114,Kiara Rao,214,2026-01-02,Unpaid
115,Reyansh Rathi,215,2026-01-03,Paid
116,Shruti Singh,216,2026-01-04,Paid
117,Devansh Kapoor,217,2026-01-05,Unpaid
118,Trisha Verma,218,2026-01-06,Paid
119,Ansh Gupta,219,2026-01-07,Paid
120,Prisha Sharma,220,2026-01-08,Paid
121,Raghav Mehta,221,2026-01-09,Paid
122,Shreya Iyer,222,2026-01-10,Unpaid
123,Ayaan Choudhary,223,2026-01-11,Paid
124,Diya Nair,224,2026-01-12,Paid
125,Arnav Joshi,225,2026-01-13,Unpaid
126,Ananya Malhotra,226,2026-01-14,Paid
127,Krishna Rathi,227,2026-01-15,Paid
128,Meera Rao,228,2026-01-16,Paid
129,Rudra Verma,229,2026-01-17,Unpaid
130,Kiara Sharma,230,2026-01-18,Paid
131,Advik Gupta,231,2026-01-19,Paid
132,Anika Kumar,232,2026-01-20,Unpaid
133,Vihaan Singh,233,2026-01-21,Paid
134,Myra Kapoor,234,2026-01-22,Paid
135,Rohan Mehta,235,2026-01-23,Paid
136,Diya Verma,236,2026-01-24,Unpaid
137,Arjun Rathi,237,2026-01-25,Paid
138,Prisha Nair,238,2026-01-26,Paid
139,Ayaan Joshi,239,2026-01-27,Unpaid
140,Ananya Choudhary,240,2026-01-28,Paid
141,Raghav Sharma,241,2026-01-29,Paid
142,Shreya Rao,242,2026-01-30,Unpaid
143,Krishna Gupta,243,2026-01-31,Paid
144,Meera Singh,244,2026-02-01,Paid
145,Rudra Kapoor,245,2026-02-02,Unpaid
146,Kiara Malhotra,246,2026-02-03,Paid
147,Advik Sharma,247,2026-02-04,Paid
148,Anika Rathi,248,2026-02-05,Unpaid
149,Vihaan Joshi,249,2026-02-06,Paid
150,Myra Verma,250,2026-02-07,Paid
151,Rohan Nair,251,2026-02-08,Unpaid
152,Aanya Choudhary,252,2026-02-09,Paid
153,Kartik Gupta,253,2026-02-10,Paid
154,Trisha Kapoor,254,2026-02-11,Paid
155,Devansh Malhotra,255,2026-02-12,Unpaid
156,Shruti Singh,256,2026-02-13,Paid
157,Ansh Sharma,257,2026-02-14,Paid
158,Prisha Joshi,258,2026-02-15,Unpaid
159,Raghav Rathi,259,2026-02-16,Paid
160,Shreya Rao,260,2026-02-17,Paid
161,Krishna Mehta,261,2026-02-18,Paid
162,Meera Verma,262,2026-02-19,Unpaid
163,Rudra Gupta,263,2026-02-20,Paid
164,Kiara Singh,264,2026-02-21,Paid
165,Advik Kapoor,265,2026-02-22,Unpaid
166,Anika Sharma,266,2026-02-23,Paid
167,Vihaan Malhotra,267,2026-02-24,Paid
168,Myra Rathi,268,2026-02-25,Unpaid
169,Rohan Joshi,269,2026-02-26,Paid
170,Aanya Verma,270,2026-02-27,Paid
171,Kartik Nair,271,2026-02-28,Unpaid
172,Trisha Choudhary,272,2026-02-29,Paid
173,Devansh Gupta,273,2026-03-01,Paid
174,Shruti Kapoor,274,2026-03-02,Unpaid
175,Ansh Malhotra,275,2026-03-03,Paid
176,Prisha Sharma,276,2026-03-04,Paid
177,Raghav Joshi,277,2026-03-05,Unpaid
178,Shreya Verma,278,2026-03-06,Paid
179,Krishna Nair,279,2026-03-07,Paid
180,Meera Choudhary,280,2026-03-08,Paid
181,Rudra Gupta,281,2026-03-09,Unpaid
182,Kiara Kapoor,282,2026-03-10,Paid
183,Advik Sharma,283,2026-03-11,Paid
184,Anika Joshi,284,2026-03-12,Unpaid
185,Vihaan Verma,285,2026-03-13,Paid
186,Myra Nair,286,2026-03-14,Paid
187,Rohan Choudhary,287,2026-03-15,Paid
188,Aanya Gupta,288,2026-03-16,Unpaid
189,Kartik Kapoor,289,2026-03-17,Paid
190,Trisha Sharma,290,2026-03-18,Paid
191,Devansh Joshi,291,2026-03-19,Unpaid
192,Shruti Verma,292,2026-03-20,Paid
193,Ansh Nair,293,2026-03-21,Paid
194,Prisha Choudhary,294,2026-03-22,Unpaid
195,Raghav Gupta,295,2026-03-23,Paid
196,Shreya Kapoor,296,2026-03-24,Paid
197,Krishna Sharma,297,2026-03-25,Unpaid
198,Meera Joshi,298,2026-03-26,Paid
199,Rudra Verma,299,2026-03-27,Paid
200,Kiara Nair,300,2026-03-28,Unpaid
