PassID,VisitorName
101,Ananya Sharma
102,Rahul Verma
103,Neha Singh
104,Arjun Patel
105,Priya Desai
106,Rohit Kumar
107,Meera Iyer
108,Amit Joshi
109,Sanya Rao
110,Karan Malhotra
111,Simran Kaur
112,Vikram Chauhan
113,Anjali Gupta
114,Devansh Mehta
115,Tanvi Nair
116,Aditya Sinha
117,Harshita Yadav
118,Shivansh Reddy
119,Divya Kapoor
120,Raghav Jain
121,Alok Sharma
122,Shreya Bhatt
123,Rahul Sharma
124,Neha Kapoor
125,Pranav Desai
126,Anika Iyer
127,Ayush Gupta
128,Tanya Verma
129,Ritika Singh
130,Harsh Agarwal
131,Rekha Nair
132,Varun Joshi
133,Megha Reddy
134,Ankit Malhotra
135,Priya Rao
136,Karan Sinha
137,Shivani Patel
138,Aditya Yadav
139,Aarav Kumar
140,Diya Sharma
141,Kavya Singh
142,Vihaan Mehta
143,Anushka Sharma
144,Rajesh Kumar
145,Akansha Iyer
146,Manish Gupta
147,Shreya Sharma
148,Arnav Reddy
149,Anita Desai
150,Prateek Joshi
151,Nikita Kapoor
152,Rohan Malhotra
153,Shivani Rao
154,Aditya Singh
155,Ananya Verma
156,Ankit Sharma
157,Shruti Mehta
158,Varun Yadav
159,Neha Iyer
160,Harsh Patel
161,Diya Kapoor
162,Raghav Singh
163,Meera Nair
164,Aarav Sharma
165,Tanvi Joshi
166,Ayush Gupta
167,Anika Reddy
168,Rohit Malhotra
169,Simran Rao
170,Karan Sinha
171,Harshita Verma
172,Aditya Patel
173,Rekha Kapoor
174,Vihaan Sharma
175,Anushka Joshi
176,Rahul Reddy
177,Pranav Malhotra
178,Shreya Rao
179,Ayush Singh
180,Ananya Yadav
181,Kavya Gupta
182,Rohan Sharma
183,Diya Iyer
184,Manish Patel
185,Shivani Verma
186,Aarav Kapoor
187,Nikita Sharma
188,Prateek Reddy
189,Anika Malhotra
190,Raghav Joshi
191,Megha Rao
192,Harsh Sharma
193,Simran Gupta
194,Karan Verma
195,Tanvi Iyer
196,Aditya Patel
197,Anushka Singh
198,Varun Sharma
199,Diya Joshi
200,Shivansh Kapoor
